226877692,No title,170 lei,https://www.olx.ro/d/oferta/joystick-flydigi-wasp-2-pubg-cod-fortnite-trigger-IDflXfC.html,579
250123267,No title,50 leiPrețul e negociabil,https://www.olx.ro/d/oferta/vand-trigger-pentru-pubg-automat-IDgWuuf.html,119
226877692,No title,170 lei,https://www.olx.ro/d/oferta/joystick-flydigi-wasp-2-pubg-cod-fortnite-trigger-IDflXfC.html,579
250123267,No title,50 leiPrețul e negociabil,https://www.olx.ro/d/oferta/vand-trigger-pentru-pubg-automat-IDgWuuf.html,119
226877692,No title,170 lei,https://www.olx.ro/d/oferta/joystick-flydigi-wasp-2-pubg-cod-fortnite-trigger-IDflXfC.html,No views
250123267,No title,50 leiPrețul e negociabil,https://www.olx.ro/d/oferta/vand-trigger-pentru-pubg-automat-IDgWuuf.html,119
226877692,No title,170 lei,https://www.olx.ro/d/oferta/joystick-flydigi-wasp-2-pubg-cod-fortnite-trigger-IDflXfC.html,579
250123267,No title,50 leiPrețul e negociabil,https://www.olx.ro/d/oferta/vand-trigger-pentru-pubg-automat-IDgWuuf.html,119
226877692,No title,170 lei,https://www.olx.ro/d/oferta/joystick-flydigi-wasp-2-pubg-cod-fortnite-trigger-IDflXfC.html,607
250123267,No title,50 leiPrețul e negociabil,https://www.olx.ro/d/oferta/vand-trigger-pentru-pubg-automat-IDgWuuf.html,130
226877692,No title,170 lei,https://www.olx.ro/d/oferta/joystick-flydigi-wasp-2-pubg-cod-fortnite-trigger-IDflXfC.html,607
250123267,No title,50 leiPrețul e negociabil,https://www.olx.ro/d/oferta/vand-trigger-pentru-pubg-automat-IDgWuuf.html,130
226877692,No title,170 lei,https://www.olx.ro/d/oferta/joystick-flydigi-wasp-2-pubg-cod-fortnite-trigger-IDflXfC.html,607
250123267,No title,50 leiPrețul e negociabil,https://www.olx.ro/d/oferta/vand-trigger-pentru-pubg-automat-IDgWuuf.html,130
226877692,No title,170 lei,https://www.olx.ro/d/oferta/joystick-flydigi-wasp-2-pubg-cod-fortnite-trigger-IDflXfC.html,607
250123267,No title,50 leiPrețul e negociabil,https://www.olx.ro/d/oferta/vand-trigger-pentru-pubg-automat-IDgWuuf.html,130
226877692,No title,170 lei,https://www.olx.ro/d/oferta/joystick-flydigi-wasp-2-pubg-cod-fortnite-trigger-IDflXfC.html,607
250123267,No title,50 leiPrețul e negociabil,https://www.olx.ro/d/oferta/vand-trigger-pentru-pubg-automat-IDgWuuf.html,130
226877692,No title,170 lei,https://www.olx.ro/d/oferta/joystick-flydigi-wasp-2-pubg-cod-fortnite-trigger-IDflXfC.html,607
250123267,No title,50 leiPrețul e negociabil,https://www.olx.ro/d/oferta/vand-trigger-pentru-pubg-automat-IDgWuuf.html,130
226877692,No title,170,https://www.olx.ro/d/oferta/joystick-flydigi-wasp-2-pubg-cod-fortnite-trigger-IDflXfC.html,645
226877692,No title,170,https://www.olx.ro/d/oferta/joystick-flydigi-wasp-2-pubg-cod-fortnite-trigger-IDflXfC.html,645
